{
	"credit": "Made with Blockbench",
	"texture_size": [128, 128],
	"textures": {
		"6": "modelengine:entity/gp2_goblin_warrior"
	},
	"elements": [
		{
			"from": [0.5, 0, 7],
			"to": [7.5, 14, 9],
			"rotation": {"angle": 0, "axis": "y", "origin": [7.5, 7, 7]},
			"faces": {
				"north": {"uv": [0, 1.75, 0.875, 0], "texture": "#6"},
				"east": {"uv": [6.25, 1.5, 8, 1.25], "rotation": 270, "texture": "#6"},
				"south": {"uv": [0.875, 0, 1.75, 1.75], "rotation": 180, "texture": "#6"},
				"west": {"uv": [6.375, 4, 8.125, 3.75], "rotation": 90, "texture": "#6"},
				"up": {"uv": [0.75, 5.5, 1.625, 5.25], "rotation": 180, "texture": "#6"},
				"down": {"uv": [8.125, 2.125, 9, 1.875], "texture": "#6"}
			}
		},
		{
			"from": [1.26642, 5.33939, 5],
			"to": [15.26642, 9.83939, 7],
			"rotation": {"angle": 22.5, "axis": "z", "origin": [7.5, 7, 7]},
			"faces": {
				"north": {"uv": [0, 4.4375, 1.75, 3.875], "texture": "#6"},
				"east": {"uv": [8.875, 3.5, 9.4375, 3.25], "rotation": 270, "texture": "#6"},
				"south": {"uv": [3.875, 0.875, 5.625, 1.4375], "rotation": 180, "texture": "#6"},
				"west": {"uv": [8.875, 3.75, 9.4375, 3.5], "rotation": 90, "texture": "#6"},
				"up": {"uv": [6.5, 5.375, 8.25, 5.125], "rotation": 180, "texture": "#6"},
				"down": {"uv": [6.625, 0.75, 8.375, 0.5], "texture": "#6"}
			}
		},
		{
			"from": [8, 0, 7],
			"to": [14, 14, 9],
			"rotation": {"angle": 0, "axis": "y", "origin": [7.5, 7, 7]},
			"faces": {
				"north": {"uv": [0, 3.5, 0.75, 1.75], "texture": "#6"},
				"east": {"uv": [6.625, 1, 8.375, 0.75], "rotation": 270, "texture": "#6"},
				"south": {"uv": [1.75, 0, 2.5, 1.75], "rotation": 180, "texture": "#6"},
				"west": {"uv": [6.625, 1.25, 8.375, 1], "rotation": 90, "texture": "#6"},
				"up": {"uv": [8.375, 1.125, 9.125, 0.875], "rotation": 180, "texture": "#6"},
				"down": {"uv": [8.375, 2.375, 9.125, 2.125], "texture": "#6"}
			}
		},
		{
			"from": [8, 13.46716, 9.67978],
			"to": [14, 15.46716, 9.67978],
			"rotation": {"angle": -22.5, "axis": "x", "origin": [7.5, 7, 7]},
			"faces": {
				"north": {"uv": [8.375, 2.625, 9.125, 2.375], "texture": "#6"},
				"east": {"uv": [0, 0, 0.25, 0], "rotation": 270, "texture": "#6"},
				"south": {"uv": [8.375, 2.625, 9.125, 2.875], "rotation": 180, "texture": "#6"},
				"west": {"uv": [0, 0, 0.25, 0], "rotation": 90, "texture": "#6"},
				"up": {"uv": [0, 0, 0.75, 0], "rotation": 180, "texture": "#6"},
				"down": {"uv": [0, 0, 0.75, 0], "texture": "#6"}
			}
		},
		{
			"from": [0.5, -1.46716, 9.67978],
			"to": [7.5, 0.53284, 9.67978],
			"rotation": {"angle": 22.5, "axis": "x", "origin": [7.5, 7, 7]},
			"faces": {
				"north": {"uv": [8.125, 6.375, 9, 6.125], "texture": "#6"},
				"east": {"uv": [0, 0, 0.25, 0], "rotation": 270, "texture": "#6"},
				"south": {"uv": [8.375, 0.5, 9.25, 0.75], "rotation": 180, "texture": "#6"},
				"west": {"uv": [0, 0, 0.25, 0], "rotation": 90, "texture": "#6"},
				"up": {"uv": [0, 0, 0.875, 0], "rotation": 180, "texture": "#6"},
				"down": {"uv": [0, 0, 0.875, 0], "texture": "#6"}
			}
		}
	],
	"gui_light": "front",
	"display": {
		"thirdperson_righthand": {
			"rotation": [0, -89, 0],
			"translation": [3, 0, 2.75]
		},
		"thirdperson_lefthand": {
			"rotation": [0, -89, 0],
			"translation": [3, 0, 2.75]
		},
		"firstperson_righthand": {
			"rotation": [-17, -81, 0],
			"translation": [3, -3.5, 1]
		},
		"firstperson_lefthand": {
			"rotation": [-17, -81, 0],
			"translation": [3, -3.5, 1]
		},
		"ground": {
			"rotation": [39, 0, 0],
			"translation": [0, 0.25, 0],
			"scale": [0.5, 0.5, 0.5]
		},
		"gui": {
			"rotation": [19, 144, -15],
			"translation": [0, 1.25, 0],
			"scale": [0.8, 0.8, 0.8]
		},
		"head": {
			"translation": [0, 0, -7.5]
		}
	},
	"groups": [
		{
			"name": "left_weapon",
			"origin": [7.5, 0.69088, 7],
			"color": 0,
			"children": [0, 1, 2, 3, 4]
		}
	]
}