{
	"credit": "Made with Blockbench",
	"texture_size": [128, 128],
	"textures": {
		"6": "modelengine:entity/gp2_goblin_warrior"
	},
	"elements": [
		{
			"from": [6.02367, 12.46132, 9.83343],
			"to": [11.02367, 19.46132, 14.83343],
			"rotation": {"angle": -22.5, "axis": "y", "origin": [9.2332, 10.09975, 9.43598]},
			"faces": {
				"north": {"uv": [6, 5.5, 5.375, 6.375], "rotation": 180, "texture": "#6"},
				"east": {"uv": [5.5, 2.625, 6.375, 3.25], "rotation": 270, "texture": "#6"},
				"south": {"uv": [5.375, 6.375, 4.75, 5.5], "texture": "#6"},
				"west": {"uv": [3.875, 5.5, 4.75, 6.125], "rotation": 90, "texture": "#6"},
				"up": {"uv": [6.75, 4, 7.375, 4.625], "rotation": 180, "texture": "#6"},
				"down": {"uv": [5.375, 7.125, 6, 7.75], "texture": "#6"}
			}
		},
		{
			"from": [6.02367, 14.46132, 4.83343],
			"to": [10.02367, 19.46132, 9.83343],
			"rotation": {"angle": -22.5, "axis": "y", "origin": [9.2332, 10.09975, 9.43598]},
			"faces": {
				"north": {"uv": [8.375, 2.125, 7.875, 2.75], "rotation": 180, "texture": "#6"},
				"east": {"uv": [7.125, 5.375, 7.75, 6], "rotation": 270, "texture": "#6"},
				"south": {"uv": [8.25, 8.25, 7.75, 7.625], "texture": "#6"},
				"west": {"uv": [6, 7.125, 6.625, 7.75], "rotation": 90, "texture": "#6"},
				"up": {"uv": [6.125, 7.75, 6.625, 8.375], "rotation": 180, "texture": "#6"},
				"down": {"uv": [7.75, 7, 8.25, 7.625], "texture": "#6"}
			}
		},
		{
			"from": [6.02569, 8.65945, 5.93598],
			"to": [12.02569, 10.65945, 10.93598],
			"rotation": {"angle": 22.5, "axis": "z", "origin": [9.2332, 10.09975, 9.43598]},
			"faces": {
				"north": {"uv": [9.125, 4.875, 8.375, 5.125], "rotation": 180, "texture": "#6"},
				"east": {"uv": [6.375, 8.375, 6.625, 9], "rotation": 270, "texture": "#6"},
				"south": {"uv": [9.125, 4.875, 8.375, 4.625], "texture": "#6"},
				"west": {"uv": [4.875, 8.75, 5.125, 9.375], "rotation": 90, "texture": "#6"},
				"up": {"uv": [0.75, 6, 1.5, 6.625], "rotation": 180, "texture": "#6"},
				"down": {"uv": [6, 4, 6.75, 4.625], "texture": "#6"}
			}
		},
		{
			"from": [6.13164, 8.28426, 6.18598],
			"to": [12.13164, 10.28426, 11.18598],
			"rotation": {"angle": -22.5, "axis": "z", "origin": [9.2332, 10.09975, 9.43598]},
			"faces": {
				"north": {"uv": [9.25, 6.375, 8.5, 6.625], "rotation": 180, "texture": "#6"},
				"east": {"uv": [8.75, 5.375, 9, 6], "rotation": 270, "texture": "#6"},
				"south": {"uv": [6.375, 8.625, 5.625, 8.375], "texture": "#6"},
				"west": {"uv": [8.25, 8.75, 8.5, 9.375], "rotation": 90, "texture": "#6"},
				"up": {"uv": [6, 5.375, 6.75, 6], "rotation": 180, "texture": "#6"},
				"down": {"uv": [6, 6, 6.75, 6.625], "texture": "#6"}
			}
		},
		{
			"from": [6.94462, -7.53868, 6.93598],
			"to": [9.94462, 8.46132, 9.93598],
			"rotation": {"angle": 0, "axis": "x", "origin": [9.2332, 10.09975, 9.43598]},
			"faces": {
				"north": {"uv": [0.75, 4.5, 0.375, 6.5], "rotation": 180, "texture": "#6"},
				"east": {"uv": [4.375, 3.625, 6.375, 4], "rotation": 270, "texture": "#6"},
				"south": {"uv": [0.375, 6.5, 0, 4.5], "texture": "#6"},
				"west": {"uv": [4, 4.375, 6, 4.75], "rotation": 90, "texture": "#6"},
				"up": {"uv": [8.875, 7.5, 9.25, 7.875], "rotation": 180, "texture": "#6"},
				"down": {"uv": [9, 0, 9.375, 0.375], "texture": "#6"}
			}
		},
		{
			"from": [8.26137, 5.46132, 8.99969],
			"to": [10.26137, 7.46132, 12.99969],
			"rotation": {"angle": 45, "axis": "y", "origin": [9.2332, 10.09975, 9.43598]},
			"faces": {
				"north": {"uv": [0.5, 9.25, 0.25, 9.5], "rotation": 180, "texture": "#6"},
				"east": {"uv": [1, 9, 1.25, 9.5], "rotation": 270, "texture": "#6"},
				"south": {"uv": [0.25, 9.5, 0, 9.25], "texture": "#6"},
				"west": {"uv": [6.375, 9, 6.625, 9.5], "rotation": 90, "texture": "#6"},
				"up": {"uv": [4.125, 2.125, 4.375, 2.625], "rotation": 180, "texture": "#6"},
				"down": {"uv": [4.625, 9, 4.875, 9.5], "texture": "#6"}
			}
		},
		{
			"from": [10.26137, 3.46132, 10.99869],
			"to": [14.26137, 6.46132, 10.99869],
			"rotation": {"angle": 45, "axis": "y", "origin": [9.2332, 10.09975, 9.43598]},
			"faces": {
				"north": {"uv": [9, 8.25, 8.5, 8.625], "rotation": 180, "texture": "#6"},
				"east": {"uv": [0, 0, 0.375, 0], "rotation": 270, "texture": "#6"},
				"south": {"uv": [9, 8.25, 8.5, 7.875], "texture": "#6"},
				"west": {"uv": [0, 0, 0.375, 0], "rotation": 90, "texture": "#6"},
				"up": {"uv": [0, 0, 0.5, 0], "rotation": 180, "texture": "#6"},
				"down": {"uv": [0, 0, 0.5, 0], "texture": "#6"}
			}
		},
		{
			"from": [6.41047, 11.08019, 6.43598],
			"to": [9.41047, 20.08019, 10.43598],
			"rotation": {"angle": 22.5, "axis": "z", "origin": [9.2332, 10.09975, 9.43598]},
			"faces": {
				"north": {"uv": [7.125, 5.375, 6.75, 6.5], "rotation": 180, "texture": "#6"},
				"east": {"uv": [1.625, 5, 2.75, 5.5], "rotation": 270, "texture": "#6"},
				"south": {"uv": [1.25, 7.75, 0.875, 6.625], "texture": "#6"},
				"west": {"uv": [2.75, 5.125, 3.875, 5.625], "rotation": 90, "texture": "#6"},
				"up": {"uv": [2.375, 8.375, 2.75, 8.875], "rotation": 180, "texture": "#6"},
				"down": {"uv": [8.625, 0, 9, 0.5], "texture": "#6"}
			}
		},
		{
			"from": [6.41047, 20.08019, 10.43598],
			"to": [9.41047, 22.08019, 10.43598],
			"rotation": {"angle": 22.5, "axis": "z", "origin": [9.2332, 10.09975, 9.43598]},
			"faces": {
				"north": {"uv": [9.5, 2.625, 9.125, 2.875], "rotation": 180, "texture": "#6"},
				"east": {"uv": [0, 0, 0.25, 0], "rotation": 270, "texture": "#6"},
				"south": {"uv": [9.5, 2.625, 9.125, 2.375], "texture": "#6"},
				"west": {"uv": [0, 0, 0.25, 0], "rotation": 90, "texture": "#6"},
				"up": {"uv": [0, 0, 0.375, 0], "rotation": 180, "texture": "#6"},
				"down": {"uv": [0, 0, 0.375, 0], "texture": "#6"}
			}
		},
		{
			"from": [7.59881, 10.47664, 6.43598],
			"to": [10.59881, 19.47664, 10.43598],
			"rotation": {"angle": -22.5, "axis": "z", "origin": [9.2332, 10.09975, 9.43598]},
			"faces": {
				"north": {"uv": [0.375, 7.125, 0, 8.25], "rotation": 180, "texture": "#6"},
				"east": {"uv": [0.75, 5.5, 1.875, 6], "rotation": 270, "texture": "#6"},
				"south": {"uv": [3.75, 8, 3.375, 6.875], "texture": "#6"},
				"west": {"uv": [5.5, 1.5, 6.625, 2], "rotation": 90, "texture": "#6"},
				"up": {"uv": [8.625, 1.125, 9, 1.625], "rotation": 180, "texture": "#6"},
				"down": {"uv": [5.625, 8.625, 6, 9.125], "texture": "#6"}
			}
		},
		{
			"from": [10.59881, 19.47664, 6.43598],
			"to": [10.59881, 22.47664, 10.43598],
			"rotation": {"angle": -22.5, "axis": "z", "origin": [9.2332, 10.09975, 9.43598]},
			"faces": {
				"north": {"uv": [0, 0, 0, 0.375], "rotation": 180, "texture": "#6"},
				"east": {"uv": [6, 8.625, 6.375, 9.125], "rotation": 270, "texture": "#6"},
				"south": {"uv": [0, 0.375, 0, 0], "texture": "#6"},
				"west": {"uv": [6.875, 8.625, 7.25, 9.125], "rotation": 90, "texture": "#6"},
				"up": {"uv": [0, 0, 0, 0.5], "rotation": 180, "texture": "#6"},
				"down": {"uv": [0, 0, 0, 0.5], "texture": "#6"}
			}
		}
	],
	"gui_light": "front",
	"display": {
		"thirdperson_righthand": {
			"rotation": [0, 27, 0],
			"translation": [-0.25, 5, 2.25],
			"scale": [0.8, 0.8, 0.8]
		},
		"thirdperson_lefthand": {
			"rotation": [0, 27, 0],
			"translation": [-0.25, 5, 2.25],
			"scale": [0.8, 0.8, 0.8]
		},
		"firstperson_righthand": {
			"rotation": [-12, -140, 0],
			"translation": [6.75, 3.25, -4.75],
			"scale": [0.8, 0.8, 0.8]
		},
		"firstperson_lefthand": {
			"rotation": [-12, -169, 0],
			"translation": [6.75, 3.25, -4.75],
			"scale": [0.8, 0.8, 0.8]
		},
		"ground": {
			"rotation": [48, 0, 0],
			"translation": [0, 4.75, 0],
			"scale": [0.6, 0.6, 0.6]
		},
		"gui": {
			"rotation": [-71, -46, -89],
			"translation": [0.5, 0, 0],
			"scale": [0.6, 0.6, 0.6]
		}
	},
	"groups": [
		{
			"name": "right_weapon",
			"origin": [19.44462, 8.09975, 11.57441],
			"color": 0,
			"children": [0, 1, 2, 3, 4, 5, 6, 7, 8, 9, 10]
		}
	]
}