{
	"credit": "Made by samus2002",
	"texture_size": [64, 64],
	"textures": {
		"0": "shaman_texture/totem_fire_glow",
		"1": "shaman_texture/totem_fire_fx",
		"particle": "shaman_texture/totem_fire_glow"
	},
	"elements": [
		{
			"from": [5, 8, 5.5],
			"to": [11, 17, 10.5],
			"rotation": {"angle": 0, "axis": "y", "origin": [8, 8, 8]},
			"faces": {
				"north": {"uv": [0, 0, 1.5, 2.25], "texture": "#0"},
				"east": {"uv": [0, 2.5, 1.25, 4.75], "texture": "#0"},
				"south": {"uv": [1.75, 0, 3.25, 2.25], "texture": "#0"},
				"west": {"uv": [1.5, 2.5, 2.75, 4.75], "texture": "#0"},
				"up": {"uv": [2.75, 6.25, 1.25, 5], "texture": "#0"},
				"down": {"uv": [6.75, 0, 5.25, 1.25], "texture": "#0"}
			}
		},
		{
			"from": [3, 19, 8],
			"to": [13, 29, 8],
			"rotation": {"angle": 0, "axis": "y", "origin": [8, 8, 7.75]},
			"faces": {
				"north": {"uv": [5.5, 5.5, 10.5, 10.5], "texture": "#1"},
				"east": {"uv": [0, 0, 0, 2.5], "texture": "#missing"},
				"south": {"uv": [10.5, 5.5, 5.5, 10.5], "texture": "#1"},
				"west": {"uv": [0, 0, 0, 2.5], "texture": "#missing"},
				"up": {"uv": [0, 0, 2.5, 0], "texture": "#missing"},
				"down": {"uv": [0, 0, 2.5, 0], "texture": "#missing"}
			}
		},
		{
			"from": [10, 2, 8],
			"to": [16, 8, 8],
			"rotation": {"angle": 0, "axis": "y", "origin": [8, 8, 5.5]},
			"faces": {
				"north": {"uv": [3, 4.25, 4.5, 5.75], "texture": "#0"},
				"east": {"uv": [1.25, 8.25, 1.25, 9.75], "texture": "#0"},
				"south": {"uv": [4.5, 4.25, 3, 5.75], "texture": "#0"},
				"west": {"uv": [1.5, 8.25, 1.5, 9.75], "texture": "#0"},
				"up": {"uv": [8.25, 8.25, 6.75, 8.25], "texture": "#0"},
				"down": {"uv": [4.5, 8.5, 3, 8.5], "texture": "#0"}
			}
		},
		{
			"from": [0, 2, 8],
			"to": [6, 8, 8],
			"rotation": {"angle": 0, "axis": "y", "origin": [8, 8, 5.5]},
			"faces": {
				"north": {"uv": [4.5, 4.25, 3, 5.75], "texture": "#0"},
				"east": {"uv": [1.5, 8.25, 1.5, 9.75], "texture": "#0"},
				"south": {"uv": [3, 4.25, 4.5, 5.75], "texture": "#0"},
				"west": {"uv": [1.25, 8.25, 1.25, 9.75], "texture": "#0"},
				"up": {"uv": [6.75, 8.25, 8.25, 8.25], "texture": "#0"},
				"down": {"uv": [3, 8.5, 4.5, 8.5], "texture": "#0"}
			}
		},
		{
			"from": [2.88403, 13.20242, 6.5],
			"to": [5.88403, 16.20242, 9.5],
			"rotation": {"angle": -45, "axis": "z", "origin": [2.49975, 13.14192, 8]},
			"faces": {
				"north": {"uv": [6, 4.5, 6.75, 5.25], "texture": "#0"},
				"east": {"uv": [1.25, 6.5, 2, 7.25], "texture": "#0"},
				"south": {"uv": [6.5, 1.5, 7.25, 2.25], "texture": "#0"},
				"west": {"uv": [6.5, 2.5, 7.25, 3.25], "texture": "#0"},
				"up": {"uv": [7.5, 6.25, 6.75, 5.5], "texture": "#0"},
				"down": {"uv": [7.5, 6.5, 6.75, 7.25], "texture": "#0"}
			}
		},
		{
			"from": [0.87291, 11.0036, 7],
			"to": [4.87291, 13.0036, 9],
			"rotation": {"angle": 0, "axis": "z", "origin": [2.49975, 13.14192, 8]},
			"faces": {
				"north": {"uv": [3.5, 1.75, 4.5, 2.25], "texture": "#0"},
				"east": {"uv": [8, 0, 8.5, 0.5], "texture": "#0"},
				"south": {"uv": [1, 7.5, 2, 8], "texture": "#0"},
				"west": {"uv": [2.25, 8, 2.75, 8.5], "texture": "#0"},
				"up": {"uv": [8.5, 1.5, 7.5, 1], "texture": "#0"},
				"down": {"uv": [8.5, 1.75, 7.5, 2.25], "texture": "#0"}
			}
		},
		{
			"from": [-1.43146, 11.10087, 7.5],
			"to": [2.56854, 12.10087, 8.5],
			"rotation": {"angle": -45, "axis": "z", "origin": [2.49975, 13.14192, 8]},
			"faces": {
				"north": {"uv": [7.75, 7, 8.75, 7.25], "texture": "#0"},
				"east": {"uv": [4.25, 6, 4.5, 6.25], "texture": "#0"},
				"south": {"uv": [3, 8, 4, 8.25], "texture": "#0"},
				"west": {"uv": [2.25, 6.5, 2.5, 6.75], "texture": "#0"},
				"up": {"uv": [5.25, 8.25, 4.25, 8], "texture": "#0"},
				"down": {"uv": [9, 4.5, 8, 4.75], "texture": "#0"}
			}
		},
		{
			"from": [13.43146, 11.10087, 7.5],
			"to": [17.43146, 12.10087, 8.5],
			"rotation": {"angle": 45, "axis": "z", "origin": [13.50025, 13.14192, 8]},
			"faces": {
				"north": {"uv": [8, 5, 9, 5.25], "texture": "#0"},
				"east": {"uv": [4.25, 6.5, 4.5, 6.75], "texture": "#0"},
				"south": {"uv": [0, 8.25, 1, 8.5], "texture": "#0"},
				"west": {"uv": [7, 1, 7.25, 1.25], "texture": "#0"},
				"up": {"uv": [9.25, 3.5, 8.25, 3.25], "texture": "#0"},
				"down": {"uv": [9.25, 3.75, 8.25, 4], "texture": "#0"}
			}
		},
		{
			"from": [10.11597, 13.20242, 6.5],
			"to": [13.11597, 16.20242, 9.5],
			"rotation": {"angle": 45, "axis": "z", "origin": [13.50025, 13.14192, 8]},
			"faces": {
				"north": {"uv": [7, 0, 7.75, 0.75], "texture": "#0"},
				"east": {"uv": [2.25, 7, 3, 7.75], "texture": "#0"},
				"south": {"uv": [3.25, 7, 4, 7.75], "texture": "#0"},
				"west": {"uv": [7, 4.5, 7.75, 5.25], "texture": "#0"},
				"up": {"uv": [0.75, 8, 0, 7.25], "texture": "#0"},
				"down": {"uv": [8, 3.5, 7.25, 4.25], "texture": "#0"}
			}
		},
		{
			"from": [11.12709, 11.0036, 7],
			"to": [15.12709, 13.0036, 9],
			"rotation": {"angle": 0, "axis": "z", "origin": [13.50025, 13.14192, 8]},
			"faces": {
				"north": {"uv": [7.5, 2.5, 8.5, 3], "texture": "#0"},
				"east": {"uv": [5.5, 8, 6, 8.5], "texture": "#0"},
				"south": {"uv": [6.75, 7.5, 7.75, 8], "texture": "#0"},
				"west": {"uv": [8, 7.5, 8.5, 8], "texture": "#0"},
				"up": {"uv": [8.75, 6, 7.75, 5.5], "texture": "#0"},
				"down": {"uv": [8.75, 6.25, 7.75, 6.75], "texture": "#0"}
			}
		},
		{
			"from": [6, 0, 6.5],
			"to": [10, 8, 9.5],
			"rotation": {"angle": 0, "axis": "y", "origin": [8, 8, 8]},
			"faces": {
				"north": {"uv": [4.75, 3.5, 5.75, 5.5], "texture": "#0"},
				"east": {"uv": [4.75, 5.75, 5.5, 7.75], "texture": "#0"},
				"south": {"uv": [0, 5, 1, 7], "texture": "#0"},
				"west": {"uv": [5.75, 5.75, 6.5, 7.75], "texture": "#0"},
				"up": {"uv": [4, 6.75, 3, 6], "texture": "#0"},
				"down": {"uv": [7, 3.5, 6, 4.25], "texture": "#0"}
			}
		}
	],
	"display": {
		"head": {
			"translation": [0, -33, 0],
			"scale": [1.5, 1.5, 1.5]
		}
	}
}