{
	"credit": "Made by samus2002",
	"texture_size": [64, 64],
	"textures": {
		"0": "warrior_texture/shield_barrier_2",
		"particle": "warrior_texture/shield_barrier_2"
	},
	"elements": [
		{
			"from": [4.5, 2, 7.3303],
			"to": [11.5, 14, 7.3303],
			"rotation": {"angle": 0, "axis": "y", "origin": [8, 8, 8]},
			"faces": {
				"north": {"uv": [0, 0, 1.75, 3], "texture": "#0"},
				"east": {"uv": [6, 6, 6, 9], "texture": "#0"},
				"south": {"uv": [1.75, 0, 0, 3], "texture": "#0"},
				"west": {"uv": [6.25, 6, 6.25, 9], "texture": "#0"},
				"up": {"uv": [1.75, 6.5, 0, 6.5], "texture": "#0"},
				"down": {"uv": [3.75, 6.5, 2, 6.5], "texture": "#0"}
			}
		},
		{
			"from": [4.5, 13.28699, 5.08518],
			"to": [11.5, 18.28699, 5.08518],
			"rotation": {"angle": 22.5, "axis": "x", "origin": [8, 8, 8]},
			"faces": {
				"north": {"uv": [6, 0, 7.75, 1.25], "texture": "#0"},
				"east": {"uv": [4, 6.5, 4, 7.75], "texture": "#0"},
				"south": {"uv": [7.75, 0, 6, 1.25], "texture": "#0"},
				"west": {"uv": [4.25, 6.5, 4.25, 7.75], "texture": "#0"},
				"up": {"uv": [8.25, 6, 6.5, 6], "texture": "#0"},
				"down": {"uv": [8.25, 6.25, 6.5, 6.25], "texture": "#0"}
			}
		},
		{
			"from": [4.5, -2.28699, 5.08517],
			"to": [11.5, 2.71301, 5.08517],
			"rotation": {"angle": -22.5, "axis": "x", "origin": [8, 8, 8]},
			"faces": {
				"north": {"uv": [6, 3, 7.75, 4.25], "texture": "#0"},
				"east": {"uv": [4.5, 6.5, 4.5, 7.75], "texture": "#0"},
				"south": {"uv": [7.75, 3, 6, 4.25], "texture": "#0"},
				"west": {"uv": [4.75, 6.5, 4.75, 7.75], "texture": "#0"},
				"up": {"uv": [8.25, 6.5, 6.5, 6.5], "texture": "#0"},
				"down": {"uv": [1.75, 6.75, 0, 6.75], "texture": "#0"}
			}
		},
		{
			"from": [10.9773, 2, 6.04189],
			"to": [17.9773, 14, 6.04189],
			"rotation": {"angle": -22.5, "axis": "y", "origin": [8, 8, 8]},
			"faces": {
				"north": {"uv": [0, 3.25, 1.75, 6.25], "texture": "#0"},
				"east": {"uv": [5, 6.5, 5, 9.5], "texture": "#0"},
				"south": {"uv": [1.75, 3.25, 0, 6.25], "texture": "#0"},
				"west": {"uv": [5.25, 6.5, 5.25, 9.5], "texture": "#0"},
				"up": {"uv": [3.75, 6.75, 2, 6.75], "texture": "#0"},
				"down": {"uv": [8.25, 6.75, 6.5, 6.75], "texture": "#0"}
			}
		},
		{
			"from": [-1.9773, 2, 6.04189],
			"to": [5.0227, 14, 6.04189],
			"rotation": {"angle": 22.5, "axis": "y", "origin": [8, 8, 8]},
			"faces": {
				"north": {"uv": [1.75, 3.25, 0, 6.25], "texture": "#0"},
				"east": {"uv": [5.25, 6.5, 5.25, 9.5], "texture": "#0"},
				"south": {"uv": [0, 3.25, 1.75, 6.25], "texture": "#0"},
				"west": {"uv": [5, 6.5, 5, 9.5], "texture": "#0"},
				"up": {"uv": [2, 6.75, 3.75, 6.75], "texture": "#0"},
				"down": {"uv": [6.5, 6.75, 8.25, 6.75], "texture": "#0"}
			}
		}
	],
	"display": {
		"thirdperson_righthand": {
			"rotation": [90, 0, 0],
			"translation": [-6.25, 34.25, 27.5],
			"scale": [4, 4, 4]
		},
		"thirdperson_lefthand": {
			"rotation": [90, 180, 0],
			"translation": [-6.25, -1.75, 4],
			"scale": [1.5, 1.5, 1.5]
		},
		"head": {
			"rotation": [0, 180, 0],
			"translation": [0, -51.75, 0.25],
			"scale": [2, 2, 2]
		}
	}
}