{
	"credit": "Made by samus2002",
	"texture_size": [128, 128],
	"textures": {
		"0": "warrior_texture/judgement_sword_2",
		"particle": "warrior_texture/judgement_sword_2"
	},
	"elements": [
		{
			"from": [7.35093, -11.14571, 7.33429],
			"to": [8.68235, -1.82574, 8.66571],
			"rotation": {"angle": 0, "axis": "y", "origin": [8.03329, 1.33639, 8]},
			"faces": {
				"north": {"uv": [1.625, 5, 1.875, 6.75], "texture": "#0"},
				"east": {"uv": [0.5, 5, 0.75, 6.75], "texture": "#0"},
				"south": {"uv": [0.875, 5, 1.125, 6.75], "texture": "#0"},
				"west": {"uv": [1.25, 5, 1.5, 6.75], "texture": "#0"},
				"up": {"uv": [3.375, 6, 3.125, 5.75], "rotation": 90, "texture": "#0"},
				"down": {"uv": [7.75, 0, 7.5, 0.25], "rotation": 270, "texture": "#0"}
			}
		},
		{
			"from": [8.01664, -15.13998, 7.33429],
			"to": [8.01664, -11.14571, 8.66571],
			"rotation": {"angle": 0, "axis": "y", "origin": [8.03329, 1.33639, 8]},
			"faces": {
				"north": {"uv": [6.125, 7.5, 6.125, 8.25], "texture": "#0"},
				"east": {"uv": [6, 6.625, 6.25, 7.375], "texture": "#0"},
				"south": {"uv": [6, 7.5, 6, 8.25], "texture": "#0"},
				"west": {"uv": [6.25, 6.625, 6, 7.375], "texture": "#0"},
				"up": {"uv": [7.125, 6.5, 6.875, 6.5], "rotation": 90, "texture": "#0"},
				"down": {"uv": [6.5, 7.5, 6.25, 7.5], "rotation": 270, "texture": "#0"}
			}
		},
		{
			"from": [7.01807, -8.48286, 7.00143],
			"to": [9.01521, -7.81715, 8.99857],
			"rotation": {"angle": 0, "axis": "y", "origin": [8.03329, 1.33639, 8]},
			"faces": {
				"north": {"uv": [5.5, 7.5, 5.875, 7.625], "texture": "#0"},
				"east": {"uv": [7.375, 6.875, 7.75, 7], "texture": "#0"},
				"south": {"uv": [2, 7.5, 2.375, 7.625], "texture": "#0"},
				"west": {"uv": [4.5, 7.5, 4.875, 7.625], "texture": "#0"},
				"up": {"uv": [7.125, 7.5, 6.75, 7.125], "rotation": 90, "texture": "#0"},
				"down": {"uv": [7.625, 1.5, 7.25, 1.875], "rotation": 270, "texture": "#0"}
			}
		},
		{
			"from": [7.01807, -3.9893, 7.00143],
			"to": [9.01521, -2.65788, 8.99857],
			"rotation": {"angle": 0, "axis": "y", "origin": [8.03329, 1.33639, 8]},
			"faces": {
				"north": {"uv": [7.375, 6.5, 7.75, 6.75], "texture": "#0"},
				"east": {"uv": [5, 7.375, 5.375, 7.625], "texture": "#0"},
				"south": {"uv": [7.375, 5.75, 7.75, 6], "texture": "#0"},
				"west": {"uv": [7.375, 6.125, 7.75, 6.375], "texture": "#0"},
				"up": {"uv": [7.625, 4.625, 7.25, 4.25], "rotation": 90, "texture": "#0"},
				"down": {"uv": [7.625, 4.75, 7.25, 5.125], "rotation": 270, "texture": "#0"}
			}
		},
		{
			"from": [7.01807, -1.82574, 3.00716],
			"to": [9.01521, 0.1714, 12.99284],
			"rotation": {"angle": 0, "axis": "y", "origin": [8.03329, 1.33639, 8]},
			"faces": {
				"north": {"uv": [4.5, 7, 4.875, 7.375], "texture": "#0"},
				"east": {"uv": [4.5, 0, 6.375, 0.375], "texture": "#0"},
				"south": {"uv": [7, 1, 7.375, 1.375], "texture": "#0"},
				"west": {"uv": [6.375, 0, 4.5, 0.375], "texture": "#0"},
				"up": {"uv": [6.375, 1.375, 4.5, 1], "rotation": 90, "texture": "#0"},
				"down": {"uv": [6.375, 1.5, 4.5, 1.875], "rotation": 270, "texture": "#0"}
			}
		},
		{
			"from": [8.04993, -1.16003, 10.32999],
			"to": [8.04993, 2.16853, 15.65569],
			"rotation": {"angle": 0, "axis": "y", "origin": [8.03329, 1.33639, 8]},
			"faces": {
				"north": {"uv": [6.25, 7.625, 6.25, 8.25], "texture": "#0"},
				"east": {"uv": [4.5, 2, 5.5, 2.625], "texture": "#0"},
				"south": {"uv": [6.625, 7.5, 6.625, 8.125], "texture": "#0"},
				"west": {"uv": [5.5, 2, 4.5, 2.625], "texture": "#0"},
				"up": {"uv": [8.625, 7.375, 7.625, 7.375], "rotation": 90, "texture": "#0"},
				"down": {"uv": [8.625, 7.5, 7.625, 7.5], "rotation": 270, "texture": "#0"}
			}
		},
		{
			"from": [7.00975, 0.1714, 6.33572],
			"to": [9.02353, 3.49996, 9.66428],
			"rotation": {"angle": 0, "axis": "y", "origin": [8.03329, 1.33639, 8]},
			"faces": {
				"north": {"uv": [6.5, 0.75, 6.875, 1.375], "texture": "#0"},
				"east": {"uv": [2, 5, 2.625, 5.625], "texture": "#0"},
				"south": {"uv": [6.5, 0, 6.875, 0.625], "texture": "#0"},
				"west": {"uv": [2.625, 5, 2, 5.625], "texture": "#0"},
				"up": {"uv": [7.125, 1.875, 6.5, 1.5], "rotation": 90, "texture": "#0"},
				"down": {"uv": [5.125, 6.5, 4.5, 6.875], "rotation": 270, "texture": "#0"}
			}
		},
		{
			"from": [6.68522, -1.66278, 5.00083],
			"to": [9.34807, 0.33435, 6.99796],
			"rotation": {"angle": -45, "axis": "x", "origin": [8.03329, 1.33639, 8]},
			"faces": {
				"north": {"uv": [1.125, 6.875, 1.625, 7.25], "texture": "#0"},
				"east": {"uv": [7.25, 2, 7.625, 2.375], "texture": "#0"},
				"south": {"uv": [0.5, 6.875, 1, 7.25], "texture": "#0"},
				"west": {"uv": [7.625, 2, 7.25, 2.375], "texture": "#0"},
				"up": {"uv": [2.125, 7.375, 1.75, 6.875], "rotation": 90, "texture": "#0"},
				"down": {"uv": [2.625, 6.875, 2.25, 7.375], "rotation": 270, "texture": "#0"}
			}
		},
		{
			"from": [7.0264, -1.28497, 8.64177],
			"to": [9.00689, 1.37788, 11.30462],
			"rotation": {"angle": -22.5, "axis": "x", "origin": [8.03329, 1.33639, 8]},
			"faces": {
				"north": {"uv": [6.75, 2.625, 7.125, 3.125], "texture": "#0"},
				"east": {"uv": [5.625, 6, 6.125, 6.5], "texture": "#0"},
				"south": {"uv": [6.75, 2, 7.125, 2.5], "texture": "#0"},
				"west": {"uv": [2, 6.25, 2.5, 6.75], "texture": "#0"},
				"up": {"uv": [7.25, 3.625, 6.75, 3.25], "rotation": 90, "texture": "#0"},
				"down": {"uv": [7.25, 3.75, 6.75, 4.125], "rotation": 270, "texture": "#0"}
			}
		},
		{
			"from": [7.0264, -1.28497, 4.69538],
			"to": [9.00689, 1.37788, 7.35823],
			"rotation": {"angle": 22.5, "axis": "x", "origin": [8.03329, 1.33639, 8]},
			"faces": {
				"north": {"uv": [6.75, 4.875, 7.125, 5.375], "texture": "#0"},
				"east": {"uv": [2.625, 6.25, 3.125, 6.75], "texture": "#0"},
				"south": {"uv": [6.75, 4.25, 7.125, 4.75], "texture": "#0"},
				"west": {"uv": [6.25, 6, 6.75, 6.5], "texture": "#0"},
				"up": {"uv": [7.25, 5.875, 6.75, 5.5], "rotation": 90, "texture": "#0"},
				"down": {"uv": [7.25, 6.625, 6.75, 7], "rotation": 270, "texture": "#0"}
			}
		},
		{
			"from": [7.35093, 1.823, 5.39632],
			"to": [8.68235, 4.48585, 6.72774],
			"rotation": {"angle": 0, "axis": "z", "origin": [8.03329, 1.33639, 8]},
			"faces": {
				"north": {"uv": [1.25, 7.375, 1.5, 7.875], "texture": "#0"},
				"east": {"uv": [7.25, 7.125, 7.5, 7.625], "texture": "#0"},
				"south": {"uv": [0.5, 7.375, 0.75, 7.875], "texture": "#0"},
				"west": {"uv": [0.875, 7.375, 1.125, 7.875], "texture": "#0"},
				"up": {"uv": [7.75, 0.625, 7.5, 0.375], "rotation": 90, "texture": "#0"},
				"down": {"uv": [7.75, 0.75, 7.5, 1], "rotation": 270, "texture": "#0"}
			}
		},
		{
			"from": [7.35093, 1.823, 9.27226],
			"to": [8.68235, 4.48585, 10.60368],
			"rotation": {"angle": 0, "axis": "z", "origin": [8.03329, 1.33639, 8]},
			"faces": {
				"north": {"uv": [7.375, 3.625, 7.625, 4.125], "texture": "#0"},
				"east": {"uv": [2.75, 7.375, 3, 7.875], "texture": "#0"},
				"south": {"uv": [7.375, 3, 7.625, 3.5], "texture": "#0"},
				"west": {"uv": [3.125, 7.375, 3.375, 7.875], "texture": "#0"},
				"up": {"uv": [7.75, 1.375, 7.5, 1.125], "rotation": 90, "texture": "#0"},
				"down": {"uv": [1.875, 7.5, 1.625, 7.75], "rotation": 270, "texture": "#0"}
			}
		},
		{
			"from": [7.68379, 2.83424, 5.67001],
			"to": [8.3495, 24.13703, 10.32999],
			"rotation": {"angle": 0, "axis": "y", "origin": [8.03329, 1.33639, 8]},
			"faces": {
				"north": {"uv": [0.25, 5, 0.375, 9], "texture": "#0"},
				"east": {"uv": [4.375, 4.125, 3.5, 8.125], "texture": "#0"},
				"south": {"uv": [0, 5, 0.125, 9], "texture": "#0"},
				"west": {"uv": [3.5, 4.125, 4.375, 8.125], "texture": "#0"},
				"up": {"uv": [8.125, 5.375, 7.25, 5.25], "rotation": 90, "texture": "#0"},
				"down": {"uv": [8.25, 5.5, 7.375, 5.625], "rotation": 270, "texture": "#0"}
			}
		},
		{
			"from": [8.01664, 2.83424, 3.67287],
			"to": [8.01664, 28.79701, 12.32713],
			"rotation": {"angle": 0, "axis": "y", "origin": [8.03329, 1.33639, 8]},
			"faces": {
				"north": {"uv": [2.625, 7.5, 2.625, 12.375], "texture": "#0"},
				"east": {"uv": [0, 0, 1.625, 4.875], "texture": "#0"},
				"south": {"uv": [2.5, 7.5, 2.5, 12.375], "texture": "#0"},
				"west": {"uv": [1.625, 0, 0, 4.875], "texture": "#0"},
				"up": {"uv": [9.25, 7.125, 7.625, 7.125], "rotation": 90, "texture": "#0"},
				"down": {"uv": [9.25, 7.25, 7.625, 7.25], "rotation": 270, "texture": "#0"}
			}
		},
		{
			"from": [7.00975, -3.6547, 6.67344],
			"to": [9.02353, -1.65757, 11.99914],
			"rotation": {"angle": -22.5, "axis": "x", "origin": [8.03329, 1.33639, 8]},
			"faces": {
				"north": {"uv": [6.875, 6, 7.25, 6.375], "texture": "#0"},
				"east": {"uv": [4.5, 5, 5.5, 5.375], "texture": "#0"},
				"south": {"uv": [2.75, 6.875, 3.125, 7.25], "texture": "#0"},
				"west": {"uv": [4.5, 5.5, 5.5, 5.875], "texture": "#0"},
				"up": {"uv": [6.625, 2.375, 5.625, 2], "rotation": 90, "texture": "#0"},
				"down": {"uv": [6.625, 2.5, 5.625, 2.875], "rotation": 270, "texture": "#0"}
			}
		},
		{
			"from": [8.04993, -1.16003, 0.34431],
			"to": [8.04993, 2.16853, 5.67001],
			"rotation": {"angle": 0, "axis": "y", "origin": [8.03329, 1.33639, 8]},
			"faces": {
				"north": {"uv": [6.625, 7.5, 6.625, 8.125], "texture": "#0"},
				"east": {"uv": [5.5, 2, 4.5, 2.625], "texture": "#0"},
				"south": {"uv": [6.25, 7.625, 6.25, 8.25], "texture": "#0"},
				"west": {"uv": [4.5, 2, 5.5, 2.625], "texture": "#0"},
				"up": {"uv": [7.625, 7.375, 8.625, 7.375], "rotation": 90, "texture": "#0"},
				"down": {"uv": [7.625, 7.5, 8.625, 7.5], "rotation": 270, "texture": "#0"}
			}
		},
		{
			"from": [7.00975, -3.6547, 4.00086],
			"to": [9.02353, -1.65757, 9.32656],
			"rotation": {"angle": 22.5, "axis": "x", "origin": [8.03329, 1.33639, 8]},
			"faces": {
				"north": {"uv": [7, 0.5, 7.375, 0.875], "texture": "#0"},
				"east": {"uv": [5.625, 3, 6.625, 3.375], "texture": "#0"},
				"south": {"uv": [7, 0, 7.375, 0.375], "texture": "#0"},
				"west": {"uv": [5.625, 3.5, 6.625, 3.875], "texture": "#0"},
				"up": {"uv": [6.625, 4.375, 5.625, 4], "rotation": 90, "texture": "#0"},
				"down": {"uv": [6.625, 4.5, 5.625, 4.875], "rotation": 270, "texture": "#0"}
			}
		}
	],
	"gui_light": "front",
	"display": {
		"thirdperson_righthand": {
			"rotation": [-90, 0, 0],
			"translation": [-6.25, -2, 46.5],
			"scale": [4, 4, 4]
		},
		"thirdperson_lefthand": {
			"translation": [-0.25, 17.75, 1.75],
			"scale": [1.7, 1.7, 1.7]
		},
		"firstperson_righthand": {
			"translation": [-0.25, 17.75, 1.75],
			"scale": [1.7, 1.7, 1.7]
		},
		"firstperson_lefthand": {
			"translation": [-0.25, 17.75, 1.75],
			"scale": [1.7, 1.7, 1.7]
		},
		"ground": {
			"rotation": [0, 0, 90],
			"scale": [1.7, 1.7, 1.7]
		},
		"gui": {
			"rotation": [90, -135, 90],
			"translation": [1, 0.75, -0.5],
			"scale": [0.65, 0.65, 0.65]
		},
		"fixed": {
			"rotation": [90, -45, 90],
			"translation": [-1.25, 1, -0.5],
			"scale": [0.8, 0.8, 0.8]
		}
	}
}