{
    "sources": [
        {
            "type": "single",
            "resource": "minecraft:shaman_texture/ancestral_beam"
        },
        {
            "type": "single",
            "resource": "minecraft:shaman_texture/ancetral_circle"
        },
        {
            "type": "single",
            "resource": "minecraft:shaman_texture/heal_beam"
        },
        {
            "type": "single",
            "resource": "minecraft:shaman_texture/heal_beam_2"
        },
        {
            "type": "single",
            "resource": "minecraft:shaman_texture/icon_ancestral_power"
        },
        {
            "type": "single",
            "resource": "minecraft:shaman_texture/icon_healing_totem"
        },
        {
            "type": "single",
            "resource": "minecraft:shaman_texture/icon_heal_beam"
        },
        {
            "type": "single",
            "resource": "minecraft:shaman_texture/icon_light_beam"
        },
        {
            "type": "single",
            "resource": "minecraft:shaman_texture/icon_self_recovery"
        },
        {
            "type": "single",
            "resource": "minecraft:shaman_texture/icon_totem_form"
        },
        {
            "type": "single",
            "resource": "minecraft:shaman_texture/light_beam"
        },
        {
            "type": "single",
            "resource": "minecraft:shaman_texture/light_beam_2"
        },
        {
            "type": "single",
            "resource": "minecraft:shaman_texture/shaman_scepter"
        },
        {
            "type": "single",
            "resource": "minecraft:shaman_texture/shaman_scepter_shiny"
        },
        {
            "type": "single",
            "resource": "minecraft:shaman_texture/solar_beam"
        },
        {
            "type": "single",
            "resource": "minecraft:shaman_texture/solar_beam_2"
        },
        {
            "type": "single",
            "resource": "minecraft:shaman_texture/totem_air_glow"
        },
        {
            "type": "single",
            "resource": "minecraft:shaman_texture/totem_air_fx"
        },
        {
            "type": "single",
            "resource": "minecraft:shaman_texture/totem_fire_glow"
        },
        {
            "type": "single",
            "resource": "minecraft:shaman_texture/totem_fire_fx"
        },
        {
            "type": "single",
            "resource": "minecraft:shaman_texture/totem_healing_glow"
        },
        {
            "type": "single",
            "resource": "minecraft:shaman_texture/totem_healing_fx"
        }
    ]
}