{
  "parent": "minecraft:item/handheld_rod",
  "textures": {
    "layer0": "minecraft:item/carrot_on_a_stick"
  },
    "overrides": [
		{"predicate": {"custom_model_data":11341}, "model": "littleroom_goblin_pack_vol2:gp2_goblin_bow"},
		{"predicate": {"custom_model_data":11342}, "model": "littleroom_goblin_pack_vol2:gp2_goblin_club"},
		{"predicate": {"custom_model_data":11343}, "model": "littleroom_goblin_pack_vol2:gp2_goblin_frying_pan"},
		{"predicate": {"custom_model_data":11344}, "model": "littleroom_goblin_pack_vol2:gp2_goblin_knife"},
		{"predicate": {"custom_model_data":11345}, "model": "littleroom_goblin_pack_vol2:gp2_goblin_wooden_spoon"},
		{"predicate": {"custom_model_data":11346}, "model": "littleroom_goblin_pack_vol2:gp2_goblin_broken_pitchfork"},
		{"predicate": {"custom_model_data":11347}, "model": "littleroom_goblin_pack_vol2:gp2_goblin_shaman_staff"},
		{"predicate": {"custom_model_data":11348}, "model": "littleroom_goblin_pack_vol2:gp2_goblin_king_axe"}
        ]
}