{
	"providers": [
		{
			"type": "ttf",
			"file": "negative_spaces.ttf",
			"shift": [0.0, 0.0],
			"size": 10.0,
			"oversample": 1.0
		},
		{
			"type": "bitmap", "ascent": 13, "height": 133, "chars": ["\u0aa0"],
			"file": "hqfreemarket:inventory/freemarket_main.png"
		},
		{
			"type": "bitmap", "ascent": 13, "height": 82, "chars": ["\u0aa1"],
			"file": "hqfreemarket:inventory/freemarket_search.png"
		},
		{
			"type": "bitmap", "ascent": 13, "height": 133, "chars": ["\u0bb1"],
			"file": "hqfreemarket:inventory/freemarket_select_1.png"
		},
		{
			"type": "bitmap", "ascent": 13, "height": 133, "chars": ["\u0bb2"],
			"file": "hqfreemarket:inventory/freemarket_select_2.png"
		},
		{
			"type": "bitmap", "ascent": 13, "height": 133, "chars": ["\u0bb3"],
			"file": "hqfreemarket:inventory/freemarket_select_3.png"
		},
		{
			"type": "bitmap", "ascent": 13, "height": 133, "chars": ["\u0bb4"],
			"file": "hqfreemarket:inventory/freemarket_select_4.png"
		},
		{
			"type": "bitmap", "ascent": 13, "height": 133, "chars": ["\u0bb5"],
			"file": "hqfreemarket:inventory/freemarket_select_5.png"
		},
		{
			"type": "bitmap", "ascent": 13, "height": 133, "chars": ["\u0cc1"],
			"file": "hqfreemarket:inventory/freemarket_player_1.png"
		},
		{
			"type": "bitmap", "ascent": 13, "height": 133, "chars": ["\u0cc2"],
			"file": "hqfreemarket:inventory/freemarket_player_2.png"
		},
		{
			"type": "bitmap", "ascent": 13, "height": 133, "chars": ["\u0cc3"],
			"file": "hqfreemarket:inventory/freemarket_player_3.png"
		},
		{
			"type": "bitmap", "ascent": 13, "height": 133, "chars": ["\u0cc4"],
			"file": "hqfreemarket:inventory/freemarket_player_4.png"
		},
		{
			"type": "bitmap", "ascent": 13, "height": 133, "chars": ["\u0cc5"],
			"file": "hqfreemarket:inventory/freemarket_player_5.png"
		},
		{
			"type": "bitmap", "ascent": 6, "height": 7, "chars": ["0123456789,"],
			"file": "hqfreemarket:text/number.png"
		},
		{
			"type": "bitmap", "ascent": 6, "height": 8, "chars": ["g"],
			"file": "hqfreemarket:text/gold.png"
		}
	]
}